Customer,Churn
774663629,No
720420396,Yes
815283379,Yes
764861610,No
742798818,No
763383343,No
750463896,Yes
786288890,Yes
735694396,Yes
745193792,Yes
791394122,Yes
751602846,No
776151670,Yes
799774822,Yes
719501292,Yes
769239905,No
803147530,No
742497688,No
749601915,No
753047796,No
773559483,No
788813985,Yes
774595525,Yes
731920734,No
819153365,Yes
771761701,Yes
718904483,Yes
765219759,Yes
799931792,Yes
753752311,Yes
755858628,Yes
796902149,Yes
713284478,No
827797471,No
715585053,Yes
816052592,Yes
782787518,Yes
732123657,Yes
804769963,Yes
731955816,No
727047395,Yes
747763841,Yes
755760758,No
708430493,No
769849462,No
826369660,Yes
807523519,Yes
725219088,No
781969097,No
752993869,Yes
722562807,No
787676463,No
754700374,Yes
787597084,No
785213369,No
756369684,No
733080213,Yes
770753628,Yes
794636224,No
798332430,Yes
709463183,No
809073466,No
738674667,No
812124160,No
806492346,No
776079310,No
789596309,Yes
736714411,No
709615523,No
821788897,No
760188271,Yes
744476642,No
818371415,Yes
729877211,No
801225090,No
732864192,No
750411090,No
765790460,Yes
821781585,No
711687839,Yes
798983395,Yes
827404068,No
792569705,Yes
762128609,No
751673678,No
826708196,No
812633768,No
821290262,No
816551793,Yes
801615931,No
762609799,No
805391895,No
765339568,No
793738113,No
806995563,Yes
782606114,No
737403094,Yes
818822606,Yes
803446352,No
770882952,No
743048493,Yes
727651800,Yes
813408860,No
788278209,No
776799808,Yes
737774226,No
755265166,Yes
806778983,Yes
759501940,Yes
740980975,Yes
814905017,Yes
811462568,No
801024196,No
789847525,Yes
813117185,No
820871781,No
731522157,Yes
779889111,Yes
798224575,Yes
812613389,Yes
790747983,Yes
712288001,No
746727504,Yes
735152648,No
724968181,Yes
721590987,Yes
826521704,No
752694535,No
797259851,Yes
732767795,No
756882985,Yes
725289163,No
760306516,Yes
716041957,Yes
783364571,No
755799780,Yes
764167309,No
771929959,Yes
713287284,Yes
760500516,No
817045584,No
721431470,No
782500269,Yes
799546561,Yes
747137342,No
785576560,Yes
752018173,Yes
818270019,Yes
769851725,No
810531248,Yes
730683271,Yes
710398385,No
768710250,No
818656043,No
744184867,No
787952913,No
759943897,Yes
804821243,No
733313167,Yes
801768446,No
784132811,Yes
796399502,Yes
788198708,No
774534127,Yes
802312993,No
735895763,Yes
785972305,No
728004249,Yes
768228689,No
772881658,No
762659376,No
791674406,No
724592423,Yes
738139458,Yes
742492193,Yes
777789268,Yes
754936199,No
751284179,No
823381552,Yes
713208160,Yes
757880451,Yes
714525845,Yes
792798375,Yes
790838838,Yes
798895255,Yes
821936322,No
751294793,No
743811222,Yes
731002779,Yes
769140306,No
794582768,No
714383875,Yes
729574308,Yes
713393058,Yes
810184239,No
760484547,No
717057413,No
780258778,No
739310136,No
748698078,No
744547306,Yes
713783345,Yes
793613112,Yes
733258866,Yes
794507086,No
812930879,Yes
757997267,Yes
718353398,Yes
812920004,Yes
822263514,Yes
766314952,Yes
772916916,Yes
748398639,Yes
736906700,No
753088194,No
789255695,No
801091419,No
766974358,No
728440806,Yes
749720763,No
819742860,Yes
806677599,Yes
710034504,No
793897087,No
817982659,No
827052758,Yes
737208315,No
803806655,Yes
803361834,Yes
802892384,No
807730661,Yes
723418916,No
804574474,No
747225642,No
734807184,No
736271159,No
763908464,Yes
813525859,No
782791397,Yes
723687767,Yes
717014066,Yes
710937260,No
756831352,No
794783384,Yes
808605696,No
748495642,No
801747504,Yes
724313047,No
763455452,No
727886514,Yes
806572544,Yes
710349003,No
813990927,Yes
764424160,No
710817072,Yes
728474905,Yes
795753599,Yes
796002765,No
739771630,Yes
759523519,No
718119738,Yes
816933221,Yes
816523039,No
750190022,No
750701168,Yes
815560708,No
754368547,No
759863974,Yes
756555084,No
724095306,Yes
797847330,Yes
744181239,No
748301794,Yes
758869737,Yes
806739190,Yes
794129310,No
749010414,No
773151642,Yes
719654419,Yes
732737606,Yes
815243346,Yes
735695366,No
770604812,Yes
778160342,Yes
777897329,Yes
734862877,No
752537784,Yes
739875673,No
760128743,Yes
785322741,Yes
817261577,Yes
822972077,Yes
798041863,Yes
721022876,Yes
711301438,Yes
746738204,No
758718697,No
776607349,Yes
807587220,Yes
720833477,Yes
809684046,Yes
735700307,No
774178189,Yes
813411169,Yes
823088357,Yes
727170925,No
791044579,Yes
764771536,Yes
814890983,No
719483956,No
784071946,No
811381067,Yes
723650244,No
772749643,Yes
713388064,Yes
724661159,No
804911059,No
781431552,Yes
786402897,Yes
773188157,No
806229109,Yes
741088116,Yes
799888928,Yes
708676799,Yes
824471778,No
820995608,No
822098426,Yes
745934797,No
778994435,No
810152316,No
787838639,Yes
775273059,No
750845063,No
709061800,Yes
803097192,Yes
802802898,Yes
803828041,No
738257613,Yes
815719070,No
821054604,Yes
800019204,No
822468680,No
763951042,Yes
733457411,Yes
745989998,No
717949698,No
763661734,No
827238468,Yes
716588247,No
772274243,No
795399676,No
742224698,No
815467664,No
747943414,Yes
745991746,No
732486468,Yes
819798883,Yes
754489533,Yes
825998791,Yes
824353612,Yes
821608323,Yes
774561748,Yes
737849622,No
712962127,No
747378718,Yes
766133472,Yes
826585380,No
759828812,Yes
760065408,No
768894256,No
781762085,Yes
742275728,No
768174819,Yes
740422735,Yes
768793204,Yes
709990361,No
737006232,Yes
766737131,Yes
797185788,Yes
743498205,Yes
730727892,Yes
737403801,Yes
766563214,Yes
782620139,No
787115723,No
717760367,Yes
751730378,No
724984938,No
777353744,Yes
752149647,Yes
767541999,No
773251038,No
771685349,No
785220462,Yes
770394898,Yes
797550074,Yes
796590330,No
823889283,No
739321018,Yes
708264579,No
722956584,Yes
819067495,Yes
780063720,Yes
741517799,Yes
710350772,No
799597704,Yes
749536892,No
732436246,No
745176029,No
746241862,Yes
729329500,Yes
737252685,No
769062814,Yes
828255707,No
734162329,Yes
719940657,Yes
807214131,Yes
768388970,No
765895816,Yes
802883661,Yes
788830438,No
741151073,Yes
816200848,No
761005203,Yes
731982916,No
790380927,Yes
824007039,No
738840500,No
713294263,Yes
751438477,No
808691815,No
821916439,Yes
772122681,No
742069109,No
752557677,No
781140302,No
747606440,Yes
738017005,No
792495464,Yes
790536673,No
772486000,Yes
747486963,Yes
771634695,Yes
813202418,Yes
803074032,No
749705273,No
743675912,Yes
790885581,No
744798100,No
779197535,Yes
750667126,Yes
757409307,No
783579822,No
775329955,No
827143915,Yes
759657337,No
715057770,No
769842479,No
813016257,Yes
756130736,Yes
807786788,Yes
745521890,Yes
807481638,No
734720056,No
760895730,No
741488279,Yes
807104190,No
710888025,Yes
745132574,No
823074353,Yes
788244253,No
752183063,No
780281253,No
763518210,Yes
738440809,No
816114599,Yes
756870160,Yes
821371558,No
777938637,Yes
809068221,Yes
758088177,Yes
816723111,Yes
739474827,Yes
709678787,No
730470365,No
717940465,No
752592718,No
808211544,Yes
774302554,Yes
738246398,No
735772058,Yes
738621153,Yes
808820580,No
791097371,No
717575885,No
743080130,No
810818328,Yes
764584173,No
745664558,Yes
807584855,No
738303050,No
801742358,Yes
735929738,Yes
813040475,No
787891048,Yes
743865317,No
750311861,Yes
823335687,Yes
823267048,Yes
758800668,Yes
792647211,Yes
741638727,Yes
760080101,No
729162721,Yes
709668185,No
726437374,No
758214191,Yes
738858807,Yes
744809527,No
766661892,Yes
775920524,No
709749882,Yes
736960085,No
817451093,Yes
741625944,No
821704758,No
755244686,Yes
745572795,Yes
732810206,No
735177963,No
818291557,No
776043436,No
714816986,Yes
781766995,No
819902445,No
740602829,Yes
796880904,Yes
749938224,No
793761662,Yes
814048616,Yes
748236553,Yes
795423799,Yes
756535336,No
764542904,Yes
738065222,No
811475095,No
750475985,No
744386104,No
708599172,Yes
718702180,Yes
710855665,Yes
820392197,No
711076677,Yes
816888102,Yes
793290802,No
765883575,Yes
738939271,Yes
733637624,No
757354033,Yes
815453206,No
735724136,Yes
713126407,No
708816732,No
823264466,Yes
761983822,No
714486377,No
804820867,No
807242511,Yes
766193442,No
762058445,No
798605438,No
785267675,No
744709191,Yes
745908579,Yes
730162139,No
784333679,Yes
717731373,Yes
823563713,No
813803189,No
750618369,Yes
755857657,Yes
744845175,Yes
800129027,No
807255105,No
764249312,Yes
741448229,No
816482160,Yes
709685791,Yes
709033336,Yes
786581118,Yes
726681607,No
823343573,No
803989242,No
740939142,Yes
766052726,Yes
786175831,No
760428095,Yes
710270534,No
806562919,Yes
808685967,No
818420990,No
732682183,No
826000109,No
793667756,Yes
717833371,Yes
726805222,No
777173196,Yes
735971882,Yes
753394335,Yes
742486575,No
763676486,No
750383023,Yes
786626744,No
808878836,Yes
713618279,No
773491389,Yes
762674265,Yes
727136607,Yes
727814755,No
718271896,No
740812136,Yes
819095874,No
781905970,No
736629691,No
802254206,No
780281030,Yes
752197690,Yes
757658464,Yes
791339267,No
791857608,Yes
823231477,Yes
759650002,Yes
764844603,No
760589762,Yes
758353702,Yes
776270851,Yes
774974600,No
769801335,Yes
824362185,Yes
767670688,Yes
724816057,Yes
751010029,No
747861082,Yes
711063548,No
765938205,Yes
774005501,Yes
823863738,Yes
786343463,No
725001521,No
769116919,No
751475369,Yes
817608811,No
729700917,No
711535757,Yes
740087469,Yes
802009740,Yes
748062819,Yes
731874800,Yes
780763550,Yes
775177775,No
798613605,Yes
736735585,Yes
755361086,Yes
789982167,Yes
817226161,No
825545831,No
749699329,Yes
786024567,Yes
758817835,Yes
808438465,No
801572137,Yes
791452429,No
785971631,No
708545473,Yes
822990590,Yes
817690938,Yes
753496313,No
766640013,Yes
766157977,Yes
730547564,No
727420691,No
766427539,Yes
750991857,No
722705411,No
819253840,No
749481942,No
726920902,No
801261542,No
737207067,Yes
802590553,Yes
785124299,No
809371230,No
751978260,Yes
775152586,No
786032354,Yes
789197306,No
729263079,No
712472150,Yes
723389945,Yes
772945196,No
780638822,Yes
753803033,Yes
816353519,Yes
754082772,No
794484698,Yes
729046289,Yes
723995790,Yes
711117539,No
779518205,Yes
750112479,Yes
808098940,Yes
746841863,No
791084861,Yes
736009332,No
807478172,No
708797968,No
771299829,No
798660366,No
789314149,Yes
802643959,No
724371929,Yes
716554613,Yes
718042949,No
715435926,No
749452337,No
780890973,No
776287736,Yes
765212412,No
740935499,No
825590142,Yes
769767156,No
779606064,No
737681353,Yes
778655544,No
797053613,No
823108890,Yes
723847842,Yes
807496360,No
720942537,Yes
762955916,Yes
775718722,Yes
764986419,No
780458880,No
777857409,Yes
756789623,Yes
747467299,Yes
763740711,No
794424146,No
763312324,No
710100289,Yes
723179149,Yes
817696623,No
779198326,Yes
767888146,Yes
745006020,Yes
717546883,Yes
777666934,Yes
806266554,No
810794523,No
770512269,Yes
769245915,No
778868226,No
754442487,No
800660631,Yes
796719760,Yes
808349675,No
777171283,No
785936347,Yes
711115280,Yes
822732367,No
820086747,No
809890570,No
786697483,No
794656232,Yes
825622824,No
721556832,Yes
818625706,Yes
811276527,No
776009536,Yes
819446871,Yes
801442909,Yes
793053668,Yes
799036672,Yes
758259074,Yes
716854847,Yes
734715743,No
802014754,No
796223710,Yes
754078438,No
759884534,No
721600337,Yes
814056435,No
748936523,Yes
812425742,Yes
729813804,Yes
823887244,No
800746289,No
789096522,No
761963552,Yes
725065586,No
783329663,No
802231344,Yes
812172997,No
723946441,Yes
791346620,No
720387682,Yes
817861539,No
735984167,Yes
806833167,Yes
761225703,Yes
730426736,No
779907686,Yes
795263529,Yes
763104967,Yes
749596076,No
749314138,No
737149164,No
720863532,Yes
726558001,No
795886184,No
732296907,Yes
794566784,Yes
795760540,Yes
778336678,No
819115626,Yes
753345746,Yes
743831386,Yes
778206426,No
820711525,Yes
736524120,Yes
800169646,Yes
728554096,Yes
752694598,No
768225388,No
709075017,No
749731250,No
791031597,No
813970264,Yes
799469560,No
747887687,No
799254256,No
795219213,No
765810065,Yes
780305215,No
731576716,No
720076954,Yes
713297636,No
733841541,No
747643351,Yes
823071916,Yes
736866818,No
810486241,Yes
740407217,No
743442295,Yes
708750572,No
729837102,Yes
785642692,Yes
722560955,Yes
746706754,Yes
722426526,No
744904755,No
813541406,Yes
782179348,Yes
782225622,Yes
743168147,Yes
814567513,Yes
755531260,No
757853800,Yes
816891896,Yes
751353550,No
824431279,No
742221044,Yes
793337430,Yes
803445488,No
740604256,Yes
730918845,Yes
770627914,No
801698853,Yes
812199990,Yes
780388395,Yes
800533311,No
785133252,Yes
810073915,No
749754800,Yes
753789037,No
725765166,Yes
739414072,Yes
708240660,Yes
720523899,Yes
717519529,No
825995921,Yes
757519229,Yes
756351427,Yes
759838752,Yes
710816669,Yes
729842553,No
771522396,Yes
793519929,Yes
792304066,Yes
811695475,No
801271457,No
719709407,Yes
803679860,No
726560301,Yes
720770550,Yes
720593425,Yes
736995778,No
726978675,No
710112877,No
783176092,Yes
728879514,No
755561620,No
827151060,No
803434117,No
777805744,Yes
741044447,Yes
824726742,No
769486947,No
809067024,Yes
803156481,No
725798086,No
826873554,Yes
724550527,Yes
734110732,No
823420084,Yes
822999498,No
767646052,Yes
754840576,No
777943680,Yes
807936777,No
768428085,No
822190551,No
735310626,No
738537304,Yes
797931056,No
776121342,Yes
826559247,No
768274216,No
779536470,No
792153749,No
745544412,Yes
734038130,No
811390483,Yes
820265924,Yes
717135816,No
826636306,No
780482541,No
757206673,No
799504608,Yes
727910247,No
721386690,Yes
765904017,No
764283691,No
790785420,No
736953413,Yes
710303152,No
725772974,Yes
781708246,No
812283625,No
814955269,No
767583310,No
746378725,Yes
818548270,No
749124141,Yes
755178376,No
801996176,Yes
727186758,No
735963187,No
741799471,No
766158020,No
745415956,Yes
803678977,Yes
738183104,Yes
801414567,Yes
764878028,No
753937755,Yes
776591936,Yes
708557440,No
766816598,Yes
778903499,Yes
823107096,Yes
733255085,Yes
764103267,No
732082075,No
711603670,No
749710623,No
737848084,Yes
784987350,Yes
736847359,No
730831682,Yes
725180450,No
719495583,No
736921023,Yes
708182832,Yes
815611142,Yes
725489771,Yes
717394383,Yes
813671421,Yes
729215908,No
729719141,No
812570237,Yes
758458196,Yes
814963618,No
775731199,No
765059303,No
783568219,Yes
814643060,Yes
819135429,Yes
708249778,Yes
796691192,No
719790852,No
770721222,No
729902121,Yes
792211176,No
824733733,No
716198109,Yes
824668857,No
741537407,No
718752996,Yes
782788025,Yes
737673266,Yes
822817836,No
780245846,No
812599492,No
813830231,Yes
818149802,No
787517865,No
757383027,Yes
761116208,No
754063842,No
782607625,No
740039882,Yes
716471082,No
724824177,Yes
771842815,No
819231917,Yes
734187713,Yes
714232623,No
789317443,No
803284422,Yes
789089469,No
818267717,Yes
805191186,No
816171193,No
715681055,Yes
765114293,No
816497005,Yes
802168061,Yes
775021070,No
818355946,Yes
790065408,Yes
711530964,No
814575919,No
720983437,Yes
714469761,No
808148134,Yes
724061963,Yes
723143014,No
803981940,No
711956154,Yes
803633872,Yes
797996631,No
773681383,No
759352261,No
786470407,No
769491948,No
751633471,Yes
804851584,No
808568446,Yes
739860986,No
729744591,Yes
730518636,Yes
813558278,No
708259785,No
777135512,Yes
712973864,Yes
721604752,Yes
771387427,Yes
781612031,No
796486210,No
714586668,No
785671161,No
767583398,No
740246734,No
708278313,No
726779523,Yes
746967187,Yes
783830930,No
712733488,Yes
786458820,No
783994329,No
768056998,Yes
812266587,No
825333929,Yes
730544478,No
754801531,No
723085705,Yes
799739174,Yes
766589678,Yes
773330710,Yes
763191937,Yes
804650690,No
806074913,Yes
749831224,Yes
783481154,Yes
785431295,No
709084575,No
821102987,No
797966110,Yes
758023355,Yes
735682302,No
796012260,No
778724366,No
759807409,No
799023569,No
779599787,Yes
786748858,No
724609971,No
712325585,Yes
718929624,No
763841915,No
743939164,Yes
747144049,No
782118955,No
710379234,Yes
823702454,Yes
723043620,No
777445808,Yes
771747437,Yes
795514385,Yes
797006305,No
728353673,Yes
753134773,Yes
807569069,Yes
730087088,Yes
734925878,Yes
754026329,No
736568881,Yes
778861645,No
821419960,No
796321392,Yes
777011558,Yes
812769372,Yes
815237267,Yes
771903696,Yes
793940555,No
814955584,No
708594473,No
744259764,Yes
738553420,No
793878826,Yes
726199276,No
826802863,Yes
755751323,Yes
717531382,Yes
797462844,Yes
776911421,Yes
723685491,No
812880026,Yes
792213012,No
725819785,Yes
811734212,No
798356315,Yes
795140271,Yes
801503553,Yes
731439278,No
743897952,Yes
759619833,Yes
709059158,Yes
803827000,Yes
718943129,No
721333126,Yes
816356531,Yes
782786506,Yes
732986384,No
737277913,Yes
822135937,No
752413463,No
708471109,Yes
772724237,Yes
754598749,No
774530844,Yes
738177892,No
764484820,No
771854435,No
809081266,Yes
776494670,Yes
716677043,Yes
783515341,No
810524386,Yes
819243635,No
743389844,No
745127779,No
751109148,No
733796064,No
771475591,No
763667236,No
752960091,No
765923624,Yes
728743513,Yes
827403259,Yes
729669699,Yes
743968620,Yes
796728430,No
774346227,Yes
825494370,No
796518515,No
722613751,Yes
808376318,Yes
725781553,No
751964262,Yes
728991781,No
771110032,Yes
787788320,Yes
786588538,No
722582464,No
824527848,No
779426510,Yes
752209389,Yes
761488791,No
776372291,No
718639718,No
824957005,No
749927451,Yes
799901216,Yes
717634578,Yes
821745740,No
809054680,No
787561709,No
749061001,No
814297677,Yes
728594633,Yes
793407048,No
807815523,No
719830039,Yes
807887703,No
792117622,Yes
828252238,No
718348567,No
726829561,No
754485308,Yes
726686282,Yes
726287907,No
805550436,No
828043053,No
825961349,Yes
803420823,No
780030887,No
762598857,No
793845983,No
746058536,No
716989727,No
816429214,Yes
747083919,Yes
711542869,Yes
743699922,No
708905870,Yes
775742740,No
753448071,No
767732798,Yes
793598876,No
718268011,No
760125586,No
821845180,Yes
763562068,Yes
714633666,Yes
816957122,Yes
786639770,Yes
798415662,Yes
805851861,No
737323583,No
810946721,No
815316274,Yes
742688873,No
776687966,Yes
824242709,Yes
751998808,Yes
790148683,No
749546633,No
813969869,Yes
746617635,Yes
709776394,Yes
820830045,Yes
753793070,No
797580262,No
743084996,Yes
757116304,Yes
771585029,Yes
823334449,No
805227932,No
771724188,Yes
767465408,No
720022526,No
749356105,No
717245083,No
741714331,Yes
813462570,No
804957963,Yes
811193415,Yes
718435503,No
743729871,Yes
771761576,Yes
777315052,No
719897968,Yes
742594847,No
760333269,No
824997926,Yes
762065841,No
821121691,No
778292106,No
781994375,Yes
718756233,No
815223329,Yes
717909200,No
773695064,Yes
822543988,Yes
796035080,No
794343976,Yes
754302886,Yes
774613775,No
733868129,Yes
783302982,Yes
794855138,No
757115721,No
740346179,Yes
806774421,No
729253682,Yes
807817158,No
713289439,No
728393043,No
775751626,Yes
810308185,No
791700459,No
729622401,No
719614008,Yes
778054450,Yes
786606391,No
747992543,Yes
709597727,No
747660960,No
762394942,Yes
754920164,No
808907518,Yes
782140389,No
742387002,Yes
728732781,Yes
782584859,No
756123209,Yes
755313996,No
735291662,Yes
722442182,Yes
781667536,No
814987607,No
744990184,No
734513376,Yes
744741056,Yes
735368337,Yes
710119539,No
775419347,Yes
802364958,Yes
823112425,Yes
779915888,Yes
783318164,Yes
736639272,No
823838901,No
815361846,No
712814258,No
750271483,No
769291296,No
735566873,Yes
815551508,Yes
717341087,Yes
804697274,No
731924822,No
815327087,Yes
774334369,Yes
759128544,No
795818584,Yes
800680135,No
776980367,No
766776291,No
772567030,No
793414332,Yes
750359344,Yes
818251807,No
718635117,Yes
780031487,Yes
773298697,Yes
770158010,No
801032223,Yes
819507158,Yes
816520831,Yes
824997022,Yes
785285638,No
714873766,Yes
813051495,Yes
729692872,Yes
825332144,Yes
758954112,No
735796183,Yes
825860994,No
719194875,Yes
709653836,No
758407150,No
780979021,No
710732084,No
775113156,No
794592087,No
786823453,No
777433511,Yes
813014324,Yes
809145028,No
796169587,No
745426689,No
824859043,No
795392817,Yes
708267076,Yes
801218199,Yes
773578046,Yes
730743155,Yes
784594717,Yes
795643731,No
709602137,No
786567669,Yes
765533181,No
801604275,Yes
751685292,Yes
712440272,Yes
722077418,No
809539188,No
807112899,Yes
715805672,Yes
720016185,Yes
744741181,Yes
774549617,No
736980504,Yes
726765165,Yes
778070216,Yes
723607847,No
732291203,No
740956234,No
821365839,Yes
765485744,Yes
733762201,No
725539804,No
769382928,Yes
821280814,Yes
724327327,No
759315349,No
772765803,No
735888203,No
711691635,Yes
808602173,No
745614730,Yes
709328011,No
815125731,No
732250256,No
791104078,No
756714749,Yes
815274734,No
712795676,No
762330401,Yes
763065564,Yes
779377775,No
790609374,Yes
757452573,Yes
818476527,Yes
715391182,Yes
827557548,No
719447048,No
740663769,Yes
780490718,Yes
731007394,Yes
820951751,Yes
811530708,Yes
726568458,No
748224309,No
778028779,Yes
783914539,No
717982286,Yes
819985773,No
721792950,No
730805390,No
756705756,Yes
794832701,Yes
727167054,Yes
822083322,Yes
746509046,Yes
755581683,No
794067961,Yes
749008524,Yes
747219084,No
729109681,No
729322466,No
782059304,Yes
763146458,No
773334648,Yes
809134839,No
755038943,Yes
718825108,No
791394606,Yes
734330205,No
722716579,Yes
774910624,No
771070164,Yes
813501519,Yes
756145867,No
817599183,Yes
751719327,No
728000709,Yes
717505317,Yes
765305834,Yes
740932075,Yes
713835595,Yes
752675892,Yes
808585375,Yes
756840697,No
764902890,No
820703035,No
729660751,No
788210657,Yes
717590762,Yes
770599003,No
818291821,No
716271751,Yes
750315276,No
787447897,Yes
718898490,Yes
727242871,Yes
709482228,Yes
823738161,No
725952550,Yes
755491253,No
722375921,Yes
739854184,No
782315794,No
751253496,No
779562506,No
747970803,No
744704726,No
820193310,Yes
722642204,No
732971656,No
726024224,Yes
817571391,No
799233558,Yes
708976107,No
789864716,Yes
760355949,No
768647519,No
741790379,No
722886580,Yes
788834919,Yes
774137360,Yes
724900050,Yes
722116155,Yes
714468131,No
765059793,No
714589667,No
751976634,Yes
816189911,No
778971565,Yes
780057818,No
825014095,Yes
746172798,No
749103708,Yes
714988297,No
742966744,Yes
824721330,Yes
765059890,Yes
799579164,Yes
721729814,No
758137789,No
799329971,Yes
825703839,No
711951953,No
714652932,Yes
734361588,No
816372769,No
712854645,No
716204315,No
791083750,Yes
759082171,No
779528335,Yes
777299188,Yes
809042284,No
824145957,No
725642342,Yes
750882737,Yes
759482552,No
719260840,No
710375303,Yes
819260021,No
804435813,No
827332350,Yes
811613314,No
820545290,Yes
778683935,No
758622107,Yes
725564597,Yes
713484935,No
778430740,Yes
822108160,Yes
787038639,Yes
786927747,Yes
770811509,Yes
767387335,No
777040923,Yes
722547071,No
771231167,Yes
730304501,No
805046679,No
743284560,Yes
796443936,Yes
710044564,No
787267688,No
723559598,No
728133093,No
748101430,Yes
775056788,No
750088071,Yes
770092844,No
730002906,No
798145836,No
773803200,Yes
737094067,Yes
728348668,Yes
798295158,Yes
768493974,Yes
809163921,No
782193471,No
805459189,No
716042493,Yes
756587954,Yes
738829136,Yes
791738660,Yes
798531711,Yes
768350401,No
753755605,Yes
716506616,No
751738237,Yes
764067808,No
746352382,No
713099146,Yes
795840741,No
814572316,No
746661703,Yes
810400183,Yes
775712973,No
793813444,Yes
822924349,Yes
785523279,Yes
798858240,Yes
758948042,No
747798773,No
764955758,Yes
754355413,Yes
777966295,No
793985647,Yes
767107670,No
804465746,No
731151461,Yes
718965714,Yes
780551806,No
788378896,No
746007808,Yes
748210232,Yes
822767837,Yes
724264008,No
738799576,Yes
828081535,Yes
796253415,No
755067828,No
799200308,Yes
769886779,Yes
826606455,Yes
785342756,No
769134146,Yes
770660224,Yes
731270468,No
775118374,No
751066716,No
738691308,No
716117511,No
785820758,Yes
748605259,No
743219968,Yes
819250242,No
823888671,No
734222867,Yes
749738855,No
803844933,Yes
787910439,No
778530565,No
713133757,No
794117551,Yes
721505552,No
813773088,No
737478549,Yes
778591800,No
782003190,Yes
763061381,Yes
796081407,No
793721815,Yes
816365341,Yes
738398303,Yes
728981531,Yes
722121978,No
717138618,Yes
760365566,Yes
748165638,No
716561244,Yes
758365759,No
750637927,Yes
742406379,No
822284107,Yes
723498467,Yes
738526369,Yes
746804328,Yes
723724597,Yes
716816292,No
758649240,Yes
710461078,No
824573772,No
811774925,Yes
822378146,Yes
782610762,Yes
804292130,Yes
765144185,No
770477472,No
708339310,Yes
749910753,No
757367717,Yes
796654569,Yes
804125291,No
732405060,Yes
776733319,No
758773139,No
744977121,Yes
788191247,Yes
745237483,No
778574700,Yes
811109569,No
724248760,No
722879741,No
777074267,No
796910079,Yes
827327581,Yes
825587334,Yes
790648617,Yes
750211305,No
807019068,No
805095304,No
810533825,Yes
738094809,No
791473650,Yes
780206350,No
723174183,Yes
814778943,Yes
711221378,No
734010859,Yes
727692089,No
820061873,Yes
721916298,No
805656237,Yes
818882178,No
772060717,No
747030310,No
798676012,Yes
717376881,No
820264681,No
764391960,Yes
745699375,Yes
744339763,Yes
782778366,No
804727665,Yes
735944701,No
797586117,Yes
755416980,No
787720982,No
800049742,No
768642795,Yes
720218798,Yes
729148197,No
789915686,Yes
737134377,Yes
809906796,Yes
777460799,Yes
717599305,No
828306544,No
809926043,Yes
805347528,Yes
709981818,No
711386361,Yes
779438616,No
761146968,Yes
727987234,No
749164413,Yes
738584577,Yes
755613558,No
712486168,Yes
748610773,Yes
779011642,No
740357010,No
762643990,No
813770052,No
709914604,No
808861068,No
761317270,No
708892131,No
818140653,No
724936408,Yes
828117522,Yes
712212684,No
712800371,No
826572523,Yes
796396583,No
768332155,Yes
808194487,Yes
734809671,No
754813179,Yes
788517231,No
782860937,Yes
814253380,No
743484343,Yes
789886536,Yes
767808545,Yes
759189301,Yes
798929043,Yes
716464753,No
798513293,Yes
822363862,No
822305052,Yes
729082541,Yes
763253118,Yes
783836358,Yes
710913957,Yes
746851302,No
791132806,No
727775776,No
755139407,No
771714576,Yes
777570088,Yes
754700825,Yes
746170817,Yes
765758765,No
777974087,Yes
775971724,No
775474401,Yes
797960257,No
724475663,Yes
721181526,No
708330935,Yes
816620624,Yes
775306387,No
822660037,No
796771665,No
734452569,No
779317757,No
798298913,No
708509435,No
809771585,No
800748064,Yes
770228644,Yes
735904352,No
761144700,No
821029225,No
739689805,Yes
808259442,No
780369008,Yes
730878550,No
816772032,No
800107706,No
734547730,No
712915303,Yes
760746710,Yes
711374696,No
708595333,No
711446944,No
795331255,No
773591273,Yes
738978914,Yes
737807709,Yes
806876329,No
795878071,Yes
746314210,Yes
715516060,Yes
728022425,Yes
827456142,No
819687542,No
815406339,No
785460742,No
774836936,Yes
728874285,No
826030231,No
787827907,No
782711939,Yes
711128427,Yes
784758981,Yes
782264057,No
803342795,No
792486541,Yes
743178298,Yes
740864428,No
802291930,Yes
709397337,Yes
751650915,No
730933539,No
725175863,Yes
733112076,No
794061856,Yes
809775423,Yes
776140916,No
795592941,No
777653596,No
778674736,No
818069959,No
777730809,No
744018217,Yes
823261941,No
788042656,Yes
822047062,No
799107772,Yes
766616950,No
808590334,Yes
780912837,Yes
792721548,No
761646548,Yes
762484346,No
814565224,No
795774026,No
823253851,No
821801881,Yes
817839753,No
751242410,No
800335309,Yes
763699664,No
710243122,No
719286877,Yes
798566463,No
805800375,Yes
825290431,No
804450250,Yes
784907431,Yes
790005403,No
792729041,No
814725277,Yes
743291882,No
769334872,No
808033654,Yes
783619387,No
814352975,No
775164602,No
817380518,Yes
730468883,Yes
720825692,Yes
820540092,Yes
800046946,No
711657708,Yes
742163462,No
818983007,Yes
750794330,Yes
743977567,Yes
815356507,Yes
712168350,No
743949230,No
795841421,No
731289550,Yes
766697026,Yes
742079062,No
791893962,No
810519555,Yes
734101421,No
745318820,No
796474090,Yes
806851069,No
771802900,Yes
753516053,Yes
815613759,Yes
816771253,No
708977095,Yes
751636080,Yes
722626679,Yes
802795404,No
826718221,No
751957753,Yes
771686643,Yes
774731920,Yes
771454365,Yes
785636254,No
758110045,Yes
734736853,No
807193653,Yes
726750349,Yes
798610798,No
818247234,No
726033120,No
734315799,Yes
743086675,No
734373232,No
758329349,No
791232277,No
799443501,Yes
715083800,No
815775064,No
713287561,Yes
714036800,No
780853392,No
804803570,No
710753477,Yes
718569579,No
739318189,Yes
750392611,Yes
799306138,No
737025008,Yes
726415527,Yes
731588061,No
758385903,Yes
745290103,Yes
743282514,Yes
803406861,Yes
802284528,Yes
761226359,Yes
745190156,Yes
762058083,Yes
780096583,Yes
744157870,No
708708555,No
727844930,No
780046339,Yes
792111589,No
820983336,Yes
760353752,No
768018006,Yes
786310327,Yes
753997396,No
722454340,Yes
791438938,No
800935524,No
729771808,No
756853599,No
773342254,Yes
750398603,Yes
779017769,No
758584642,Yes
794946487,No
711140127,No
822299870,No
783796617,Yes
721391939,No
806374672,No
742671896,Yes
795439540,No
710602855,No
817223981,No
823001798,No
808385860,Yes
744913769,No
717975794,No
711000040,Yes
821624565,Yes
788507340,No
753673438,No
746393780,Yes
717830992,No
812141248,No
798633112,Yes
741934400,Yes
807464845,No
806140227,No
709329683,Yes
785615641,No
779164497,No
713039836,Yes
774728375,Yes
721586402,No
777576300,No
822935986,No
826366621,No
805242858,No
744310766,No
813438458,Yes
717874794,No
817934662,Yes
783467722,Yes
722436622,Yes
740123543,Yes
739164215,Yes
769873753,No
743632924,Yes
772866858,No
826081059,No
817221626,Yes
720482776,No
806172756,Yes
774377750,No
798811241,No
800083772,No
825658157,No
760790381,Yes
791225048,Yes
808550127,Yes
742034436,Yes
795056890,Yes
772997523,Yes
728196356,No
719984346,Yes
764721417,Yes
732998710,Yes
723944430,No
815752602,Yes
750944910,No
767225867,No
802225545,Yes
747020282,Yes
725784795,Yes
710579935,No
729468990,Yes
748997360,No
764381218,Yes
805331912,Yes
733804602,No
759465176,No
717965732,No
825139420,No
775366658,Yes
713918559,Yes
802175699,Yes
824512725,No
757437981,Yes
757201344,Yes
790033374,Yes
751599570,Yes
769877777,Yes
711330649,Yes
766423857,No
772029230,Yes
794754251,Yes
745837191,Yes
773987655,No
722784443,No
799584051,Yes
718489090,No
737512391,Yes
732390180,Yes
750355078,No
743896094,No
744907889,Yes
737173721,Yes
769759096,Yes
814712625,No
793913036,Yes
717246443,Yes
785332905,Yes
789029592,No
742702705,Yes
732509458,Yes
778561059,Yes
793461239,Yes
822151156,No
783148741,No
801948865,No
726740146,Yes
755797521,No
786830023,No
804274339,Yes
783299411,Yes
817984730,No
748366026,No
753751250,Yes
742051585,Yes
823178282,No
722290799,No
784169610,No
732468589,No
750437076,No
756738664,Yes
779994208,Yes
759664147,Yes
783673640,Yes
728774617,No
751044057,No
762333087,No
800932873,Yes
813384214,Yes
801235809,Yes
755913579,No
806789287,No
774299949,No
805810127,Yes
708851784,Yes
799126883,Yes
751457948,Yes
714965902,Yes
823468590,Yes
789188813,No
805658819,Yes
733994172,No
722903100,No
820912970,No
728573254,Yes
817318203,Yes
774879496,No
768143603,No
754114721,No
761497853,Yes
810994034,Yes
804958055,No
744240883,No
811170707,Yes
716205582,No
771486110,Yes
757048369,No
737856254,No
728816067,Yes
817598462,Yes
821322859,Yes
783894617,Yes
711980561,Yes
807763606,Yes
726131552,Yes
794717561,Yes
781083381,Yes
822386034,No
821118473,No
754483324,Yes
777666809,No
797303682,No
729918153,No
772291458,Yes
774582321,Yes
814932123,Yes
769160321,No
823684719,No
796530889,Yes
725469277,No
785460281,Yes
723666914,Yes
778031614,No
809573717,No
790142445,Yes
783755497,Yes
766874145,No
793763131,Yes
797615774,Yes
745101354,Yes
719898467,Yes
743675025,No
804480884,No
755999398,No
803232106,Yes
777603574,No
782338532,No
708770140,Yes
826714096,Yes
768839725,No
747342720,No
763813451,Yes
730592187,No
780855857,No
802443147,No
806639338,No
784072603,No
787076449,No
749746516,No
733423924,No
782782631,No
724250851,Yes
740281973,No
790525804,No
739445663,Yes
822800481,Yes
743165353,No
776494915,No
736613819,No
743237070,Yes
735974978,No
757473902,Yes
741411823,Yes
751026508,Yes
743946644,Yes
827508552,No
788593677,No
755656957,Yes
731870006,No
753945637,No
821328495,No
801220131,Yes
782101819,No
810676922,No
797137873,Yes
756618128,No
748577905,Yes
763287800,Yes
799896139,Yes
778020056,No
819634066,No
745055268,No
801151674,No
805740994,No
821686880,No
808462851,Yes
781427771,Yes
752599440,Yes
822676861,No
785458976,No
765138139,Yes
785514812,Yes
751469094,Yes
741736036,Yes
762249840,No
828331426,No
793614004,Yes
785828459,No
804656347,Yes
801454168,No
746222566,No
716562683,Yes
789904272,Yes
757720003,Yes
788675456,Yes
727639354,No
711844522,Yes
733833734,Yes
719246879,No
820564505,Yes
754086349,No
821574552,Yes
827798075,No
724263687,No
718942932,No
792725342,No
797580113,No
779800477,Yes
755334677,No
797968153,No
729064099,Yes
780638327,Yes
780773081,Yes
778575179,Yes
746983281,Yes
757648701,Yes
744901277,Yes
810952835,Yes
779074293,No
782561254,No
826629467,Yes
797514693,No
760354329,No
753818323,Yes
799116300,No
716107907,No
768452858,Yes
804893658,Yes
730115183,No
796336552,Yes
801550393,Yes
769518755,Yes
823657029,No
810723355,Yes
769769809,Yes
819151920,Yes
741948706,No
751705047,No
754265170,No
820907675,No
758368742,No
764866869,Yes
750482186,No
746241332,Yes
751882088,No
809992874,No
713122140,No
770374193,Yes
795503778,Yes
738067109,Yes
811295425,Yes
746877947,No
713070397,No
714710862,Yes
723550840,Yes
800121003,No
726953262,Yes
764644912,Yes
736253344,No
736383330,No
727488137,No
797658156,No
783665074,Yes
718175966,Yes
775205450,No
726330561,Yes
811618192,No
814620816,No
741059469,Yes
795716567,No
785088364,Yes
730298242,Yes
709875757,No
711969883,Yes
741267025,Yes
779381381,No
745317959,Yes
811148039,No
818151903,Yes
724063579,No
752634314,No
821459918,Yes
813757545,No
786902643,Yes
766894209,No
741488151,Yes
824339913,No
804413333,No
742971493,No
761140759,Yes
732271093,Yes
798482725,No
804104036,Yes
742644544,Yes
709674549,No
758988074,Yes
814809123,No
825896597,Yes
765770277,Yes
819567780,Yes
807798028,Yes
742803250,Yes
793448979,No
770580252,No
810540553,No
721462124,Yes
761029049,No
765307984,Yes
734126042,Yes
821724522,Yes
761083543,No
709225134,Yes
767586661,No
775145179,Yes
750811778,Yes
711940267,No
774594338,Yes
730296381,Yes
784965431,Yes
764246139,No
761008894,No
781348001,No
825030809,Yes
787935431,No
739544798,Yes
817247308,No
747299060,Yes
800020685,Yes
784118866,Yes
737665234,Yes
729469419,Yes
779686589,Yes
761375076,No
761727480,Yes
730245196,Yes
738576337,Yes
737721044,Yes
761095733,Yes
723561059,No
782434984,Yes
789300871,Yes
721935815,Yes
795625700,No
730345874,Yes
807812432,Yes
799622716,Yes
789118876,Yes
749947363,No
824649515,Yes
756228344,Yes
713143606,No
790162015,Yes
736707439,No
783831970,Yes
725497262,Yes
806676839,No
811433300,No
726188326,No
742495787,Yes
773915808,No
720573082,No
736956398,No
793564839,No
780952684,No
752617333,No
768159715,Yes
712673257,No
781197635,Yes
769708010,Yes
758352899,Yes
780464656,Yes
787649529,No
824621536,No
806647590,Yes
741739984,No
797183997,Yes
808052450,No
752407013,Yes
737592545,No
772763637,No
734818302,No
725397689,No
806996051,No
732313324,Yes
804717380,No
782106752,No
774225755,No
817023444,No
827696562,Yes
784414174,Yes
757913054,Yes
750690046,No
819473255,Yes
714744754,No
754066148,Yes
754642268,Yes
798173419,No
784711816,No
799923902,No
801439705,Yes
716363711,No
765466592,No
804939798,Yes
814701702,No
798279004,No
743087919,Yes
810672423,No
745168650,No
791198107,Yes
777188267,No
745196428,No
773990186,No
734644791,No
771264336,No
772924645,No
800743071,Yes
709236646,No
800040820,No
756771773,No
751285263,Yes
823291908,No
794972642,No
715229139,Yes
763494280,No
720687290,No
784949121,Yes
740756391,No
794873483,No
722711550,No
777247647,Yes
743104242,No
794899962,No
801290351,No
715010483,Yes
774663560,Yes
792992731,No
824515297,No
724559087,Yes
827505692,No
827739273,Yes
761211553,No
726676435,Yes
718550989,Yes
761141038,Yes
824000951,No
791055090,No
823492475,Yes
811742698,No
813219555,No
711099787,Yes
715012524,No
721738781,No
746242462,Yes
757135848,Yes
729083800,Yes
802482921,Yes
731077689,Yes
815737902,Yes
742735130,Yes
757673114,No
731756724,No
793707844,Yes
803626771,Yes
825168640,Yes
739038067,Yes
741750075,No
728270255,Yes
814941338,No
810108900,No
728693151,No
805323513,Yes
729984221,Yes
742039683,No
801530636,Yes
730988830,No
819786995,Yes
794521093,Yes
762437154,No
727397007,No
771286022,Yes
743275632,No
752339234,Yes
789237201,No
727980945,No
778608665,No
813371122,Yes
817001839,Yes
827202009,No
732262983,No
826767670,Yes
749987996,Yes
763011787,No
728684902,Yes
825682102,Yes
775841553,No
713168974,No
776245147,Yes
777423503,No
740765630,Yes
746287965,No
771488915,No
717865672,No
725014468,No
792118925,No
742413217,Yes
758209916,No
752104250,Yes
809371214,No
803273241,Yes
708872646,Yes
807852334,No
823607625,No
826474381,No
747701164,Yes
792949603,Yes
724300288,No
722480702,Yes
823930946,Yes
721063010,No
760200523,Yes
741847568,Yes
819706118,Yes
749409648,No
757403731,No
804139557,No
804888414,No
743207822,Yes
723016086,No
716442498,Yes
709117061,Yes
748477333,Yes
810336919,No
792992671,No
800504201,No
738558013,No
793001586,Yes
819036959,Yes
810282427,No
738782038,No
826598910,Yes
769312672,No
813324014,No
789674331,No
770194760,No
717301519,Yes
798535828,Yes
719079833,Yes
812446254,No
803188084,Yes
764481089,Yes
813630785,Yes
753831581,Yes
715175995,Yes
821863470,No
769720077,No
823935000,Yes
816269132,No
715574770,No
775153189,No
757031667,No
817995156,Yes
804219763,No
740411873,Yes
784708417,No
791500647,No
804771289,No
730715319,No
825518986,Yes
827779262,Yes
811781300,Yes
765262669,Yes
733555404,No
795924874,Yes
810665608,No
720087527,No
749991944,No
718287073,Yes
775656664,Yes
803999199,No
766949690,No
797633552,Yes
767061243,Yes
824304909,Yes
711934763,No
805440521,No
726925028,Yes
805637921,No
817490440,Yes
759809413,No
727555333,Yes
739328222,Yes
816738958,Yes
735666969,Yes
741278119,Yes
791603653,Yes
734036477,No
728009933,Yes
763933592,No
809803250,No
826588049,Yes
745000806,Yes
769888298,No
728653855,No
787425257,No
816503343,No
797828775,Yes
722628967,Yes
722686832,No
768330065,Yes
793894541,Yes
801547590,Yes
827618674,Yes
711480319,No
723575359,Yes
816393337,Yes
770598071,No
818540854,Yes
805661225,Yes
805185764,Yes
768760529,No
709559583,No
766138454,No
762391645,No
716289360,No
771031064,Yes
724437953,No
738045196,No
773267130,Yes
798694479,No
803521261,No
752656677,Yes
745752486,Yes
729404117,No
722359868,Yes
762756093,Yes
725956367,Yes
817143552,No
777605635,Yes
714645862,No
722311259,No
808831617,No
759480441,Yes
787348835,Yes
776343759,Yes
732927154,No
807201503,No
789025149,Yes
722632597,No
782826720,No
766438283,No
743355770,Yes
795867837,Yes
728349289,Yes
751093581,Yes
782891958,No
783685414,Yes
769669549,Yes
781317274,No
782300176,Yes
763669331,No
750853595,Yes
762165402,No
783818744,Yes
800378576,Yes
734472950,No
740644048,No
818023272,Yes
771175360,Yes
763871758,No
721250116,Yes
767715117,Yes
801676615,No
755229037,Yes
793952714,No
816380178,No
783847901,No
815556645,No
787911649,No
725843106,No
731241427,Yes
799501524,Yes
755709490,No
715076497,Yes
751423982,Yes
782619612,Yes
710957757,No
813357799,Yes
719602484,No
803015469,No
827966176,No
726463686,No
777997157,Yes
748607701,No
740393529,No
745352833,Yes
723402006,Yes
796325899,Yes
772301361,Yes
735073905,Yes
749547420,No
787631432,Yes
755174587,Yes
733520178,Yes
741544273,Yes
752189907,No
799640812,No
815535661,Yes
782708130,No
762338974,No
794184878,Yes
777939680,Yes
772406402,No
711203368,Yes
717076079,Yes
774330029,No
712900239,No
826934423,No
748070533,Yes
821890177,Yes
769102874,Yes
741251843,No
760021134,No
762360180,No
771828463,Yes
774716786,No
806777968,No
772974133,No
766862418,No
799862653,Yes
823438732,No
823377383,No
747198198,Yes
796912855,Yes
792245517,No
743977174,Yes
713469999,No
809991788,Yes
789319688,No
709627281,No
825569499,Yes
772783215,Yes
708356592,Yes
787041528,Yes
738159776,No
816464535,No
760600375,Yes
771209878,Yes
723313163,Yes
766471459,Yes
769766126,No
775508556,Yes
735085677,Yes
776432799,No
727724328,No
774015797,Yes
710166792,No
795090941,No
803480058,Yes
733370327,Yes
788402968,No
746678861,Yes
805327473,Yes
790133110,Yes
821468286,Yes
822731733,No
786348631,No
798844142,No
747447452,No
801933576,No
775181295,No
801315113,Yes
812421379,No
802012900,Yes
735392937,No
827149892,No
774184688,No
736380442,No
825600506,Yes
791720929,Yes
803609270,Yes
726375073,Yes
732200613,No
715816782,Yes
741771378,Yes
725529375,Yes
784852801,Yes
794411820,Yes
823895501,No
718845701,No
770202768,No
713496521,No
761238423,No
752991471,Yes
753005271,No
714699965,No
767041855,No
749665404,No
795537543,No
771498556,Yes
733155774,Yes
757279160,Yes
793089927,Yes
753266278,Yes
775199821,Yes
761290755,Yes
764432498,No
736980347,No
801071556,Yes
768758302,Yes
799990145,Yes
754803190,Yes
766869520,No
805196505,No
745433060,No
778050119,Yes
781510645,Yes
727548545,Yes
750045601,Yes
735852899,No
761850289,Yes
818847144,Yes
710532818,Yes
768385245,Yes
724472220,Yes
739150356,No
797367262,No
730492545,No
726717639,No
790539822,Yes
746671836,No
795337616,No
812693082,Yes
734207314,No
748571397,No
825844106,Yes
773453846,No
786218146,Yes
781980301,Yes
719812974,No
754509906,Yes
762870932,No
822432484,Yes
718709554,Yes
752245616,No
803075058,Yes
823613523,Yes
823813072,Yes
815399996,Yes
716419386,Yes
809785533,Yes
716238766,Yes
741809967,No
744139220,No
774215948,No
720084977,Yes
769896423,No
729397030,Yes
768445998,No
771612214,Yes
728874481,Yes
736647352,Yes
778509974,No
734602880,No
777353593,Yes
826772489,Yes
726906362,Yes
719326622,Yes
826557103,No
736371159,No
793397631,No
730361722,No
740078002,Yes
769709472,Yes
781690323,Yes
819972294,Yes
769195859,No
818364552,Yes
772242003,Yes
796803982,No
748590272,No
753108748,Yes
760438212,No
763807614,Yes
763339118,Yes
739648578,Yes
814759549,Yes
804904694,Yes
767755114,Yes
747831199,Yes
792302956,No
732783927,Yes
747955061,No
801925115,Yes
796351514,Yes
724441268,No
708620311,Yes
797191255,No
764929226,Yes
723000414,Yes
738816226,No
738153442,No
758712298,Yes
724697387,Yes
780691973,No
770851067,Yes
761051337,No
767436219,Yes
743307646,No
738055438,Yes
733134774,No
815685615,Yes
815958277,No
757427485,No
778405785,No
795746483,No
721307328,No
811603230,Yes
721468009,Yes
752531695,No
791972025,No
750939448,No
730905724,Yes
811824377,No
826216744,No
712671587,No
737314113,Yes
746464361,No
818737140,No
757329868,Yes
727306372,No
827929800,No
750037892,No
817033021,Yes
715744578,No
828151802,No
735175344,No
796166321,Yes
735620727,Yes
767603470,Yes
773041801,Yes
812330825,No
758056166,No
746944389,No
754421780,No
736729341,Yes
717506899,Yes
768022821,Yes
765892563,No
757447585,Yes
722987130,Yes
750801748,Yes
735493671,Yes
820838545,Yes
807743734,Yes
810791845,Yes
740788000,No
773168877,Yes
757405194,No
763794555,No
799895676,No
789134735,No
808510720,No
802693578,No
764322126,Yes
721890024,Yes
765060588,Yes
744237518,Yes
759338295,No
756736838,Yes
716121762,Yes
709841898,Yes
711548620,Yes
824701899,No
712299482,Yes
758462346,No
722514487,Yes
809471869,Yes
806495878,Yes
787678690,No
746075007,No
754655902,Yes
734002258,Yes
775430388,No
818211572,Yes
744927233,No
771327573,Yes
752677621,Yes
788056041,Yes
806061126,Yes
754002939,No
754083930,Yes
770890814,No
747711984,No
754004658,No
772819104,No
789159882,No
763493408,No
742189688,Yes
743055089,No
776691139,Yes
816600640,Yes
755109228,Yes
744869037,Yes
823365426,No
785252479,Yes
798082230,Yes
759094677,Yes
773975588,Yes
781066263,No
744172325,No
816869755,No
765352754,Yes
800369862,Yes
728768197,No
827553735,Yes
730957791,Yes
781428351,No
718334506,No
819372249,Yes
735155331,Yes
754898142,Yes
812014865,No
825176673,Yes
712387331,Yes
759527776,No
724849423,Yes
824511904,No
752715251,Yes
773332747,No
710659158,Yes
752030974,No
726881664,Yes
804361556,Yes
730502980,Yes
767173062,Yes
764737005,Yes
737837378,No
740352039,Yes
790094725,Yes
801015778,Yes
762390752,Yes
754239556,Yes
796700561,No
750402762,Yes
730242085,Yes
715624926,Yes
782368422,Yes
811969331,Yes
788037425,Yes
803720950,No
826046504,No
773161923,Yes
807235930,No
727408051,No
794536869,No
748919213,No
797600967,Yes
758708276,No
716893234,Yes
816330732,Yes
808907666,Yes
783988222,No
775294448,Yes
714247076,No
788468076,Yes
718575528,No
760889754,No
712325941,No
806646673,Yes
723315175,No
771617677,No
733114247,Yes
715509093,Yes
793505379,No
793021005,Yes
755812273,No
821663640,Yes
788084329,Yes
735640543,Yes
734339977,Yes
822516308,No
717294173,Yes
759909771,No
716505879,No
787244537,No
781401491,No
758843136,Yes
729590575,Yes
784482665,No
741959039,Yes
737761446,No
815412006,Yes
774539883,No
762588036,Yes
779669442,Yes
710364404,No
808073073,No
735616673,No
759392360,Yes
760050481,Yes
762346100,No
709046070,Yes
756118609,No
764396430,Yes
726469849,No
767760722,Yes
792759406,No
738140657,Yes
774176940,No
763404030,Yes
733509111,Yes
709125675,Yes
819449288,No
726163847,Yes
816991074,No
753340875,Yes
772854986,Yes
714804389,Yes
813126582,Yes
773078877,No
826881168,No
708554860,No
717727979,No
787540030,No
802767226,No
744534743,Yes
728986250,No
733575240,No
807713359,No
765253448,No
713866030,Yes
772255382,Yes
711100811,Yes
751886978,No
818618106,No
795359549,Yes
754964379,No
749641789,Yes
787989993,No
816717209,No
806913561,Yes
747511084,Yes
754465181,No
792194085,Yes
716145624,No
793856405,Yes
734889421,No
818147776,Yes
826565754,Yes
771106069,Yes
758564861,No
811167702,No
807951368,No
760834249,Yes
736645435,Yes
804631709,Yes
721420697,Yes
770269784,Yes
739801830,Yes
725642199,No
803850147,No
721056081,No
781918014,No
809940501,Yes
732035765,No
723841305,Yes
827233108,No
804729098,No
821580491,No
714545489,Yes
731451021,Yes
793151780,Yes
756502602,No
719167795,Yes
755768425,No
808314964,Yes
755663092,Yes
821106222,Yes
801756065,No
804662491,Yes
747256551,No
827468106,Yes
779578565,Yes
783997512,No
754118849,No
792219520,No
738742667,No
758624151,Yes
743400490,Yes
787142293,No
777534030,No
710274628,Yes
797214535,Yes
750762081,Yes
798025305,No
804576970,No
761692465,No
799975599,No
734711106,No
716515551,No
709097874,Yes
783878782,Yes
712339281,Yes
734705333,Yes
727924230,No
725099975,No
741781535,Yes
712512168,Yes
825678941,No
826970767,Yes
793011252,No
823181416,No
731129212,No
729910752,No
779871160,No
723130470,No
724054878,Yes
709679676,No
827684939,Yes
814103048,Yes
819857771,Yes
738231516,Yes
723957373,No
761851281,No
717687716,Yes
724385790,No
801615288,Yes
805591387,Yes
729210803,No
765791512,Yes
732758049,Yes
795875226,Yes
789178240,Yes
729250338,Yes
802164060,No
711706296,Yes
774716552,No
801552150,No
775109974,Yes
813308464,No
727209206,Yes
792959198,No
730094880,Yes
710653999,No
796062537,Yes
824845743,No
767471305,No
711847935,No
768673783,Yes
786461177,Yes
756373545,Yes
789375627,Yes
802573968,Yes
814044812,Yes
802715789,No
810115960,Yes
716251788,No
714756768,No
780346111,Yes
797635514,Yes
799256761,No
825314937,Yes
714814491,Yes
734594029,Yes
713070008,Yes
722559167,Yes
773055520,No
814620641,Yes
825982363,No
762177975,No
729217628,Yes
721414413,No
769913427,No
749926316,Yes
756085554,Yes
734243345,No
722188462,Yes
815993475,No
825447791,Yes
792174352,Yes
818151303,Yes
811031994,No
734907927,Yes
725869548,Yes
788809375,Yes
748754013,Yes
751784510,No
721025336,No
786053224,No
815097427,No
790480080,No
790987644,No
796948494,No
728119901,No
763580039,Yes
783115955,No
739675352,No
804351037,Yes
784376021,Yes
760956921,No
783754279,No
769396253,No
778546937,No
743945896,No
801994206,No
804866730,Yes
749385485,Yes
815752312,No
726835620,Yes
799082720,No
772461704,No
796814814,No
793495107,No
744396245,Yes
738579261,Yes
744415166,No
774736764,No
732471185,Yes
818226970,Yes
776821697,Yes
813982250,Yes
811664748,Yes
827748972,No
723521204,Yes
798531994,No
753622025,No
809555484,Yes
759207318,Yes
806473071,No
782968666,No
800677652,No
793201110,Yes
800464068,Yes
712313679,No
818471380,No
823010831,No
758241801,Yes
747806290,Yes
784835895,Yes
741283369,Yes
727900863,No
807391880,No
762571675,No
753573620,No
789159294,No
764481013,No
790764439,Yes
812057166,No
708803321,Yes
810219786,No
760026563,Yes
801277575,No
802612509,Yes
740180017,Yes
728460561,No
714052990,Yes
708929286,No
765920042,No
810695838,No
765092859,No
744651653,No
823655690,No
824371596,Yes
742376111,Yes
744874635,Yes
741602081,Yes
720137185,Yes
737869114,No
713517484,Yes
740599318,No
758097744,Yes
719974944,Yes
725329294,Yes
717991551,Yes
720951878,Yes
821914539,No
725061614,No
794198124,No
758302315,Yes
801280936,Yes
724118188,Yes
788843854,Yes
819310990,No
795941611,Yes
735339492,No
768859463,Yes
756959527,Yes
743679252,Yes
726403229,Yes
822271845,Yes
825605898,Yes
746653570,No
721273974,Yes
774827655,No
727236081,Yes
748471222,Yes
712715074,Yes
770849750,No
799609351,No
785415002,No
815581922,No
738609618,Yes
738772961,No
721435790,Yes
822484222,No
816567161,Yes
772287410,No
751234979,No
778418304,No
729790791,Yes
785765836,No
784491579,Yes
750122800,No
777178751,Yes
711974616,No
763698753,No
